GH	1RB0RA_1LC1LF_1RD0LB_1RA1LE_1LI0LC_0RG1LD_1RH1LG_1LC0RG_---0LJ_1LD1LC	std:HALT:11:11 HALT I0 ones=516 step=31237	big:HALT:11:11 HALT I0 ones=30756 step=29056597	shrink:HALT:11:11 HALT I0 ones=11856 step=28955797
GH	1RB0RA_1LC1LF_1RD0LB_1RA1LE_1LI0LC_0RG1LD_1RH1LG_1LC0RG_---1LJ_1RB1RA	std:HALT:8:8 HALT I0 ones=921 step=711509	big:FAIL:7:7 JUMPFAIL maximum recursion depth exceeded in comparison	shrink:HALT:8:8 HALT I0 ones=1553 step=34728943
GH	1RB0RA_1LC1LF_1RD0LB_1RA1LE_1LI0LC_0RG1LD_1RH1LG_1LC0RG_---1LJ_1LD1RA	std:HALT:8:8 HALT I0 ones=921 step=710921	big:FAIL:7:7 JUMPFAIL maximum recursion depth exceeded in comparison	shrink:HALT:8:8 HALT I0 ones=1553 step=34722755
GH	1RB0RA_1LC1LF_1RD0LB_1RA1LE_1LI0LC_0RG1LD_1RH1LG_1LC0RG_---1LJ_0LJ1RA	std:HALT:9:9 HALT I0 ones=553 step=3002	big:FAIL:7:7 JUMPFAIL maximum recursion depth exceeded in comparison	shrink:HALT:9:9 HALT I0 ones=5805 step=25974122
GH	1RB0RA_1LC1LF_1RD0LB_1RA1LE_1LI0LC_0RG1LD_1RH1LG_1LC0RG_---1LJ_1LG0RC	std:HALT:11:11 HALT I0 ones=276 step=35735	big:HALT:11:11 HALT I0 ones=5316 step=28738535	shrink:HALT:11:11 HALT I0 ones=5316 step=28738535
GH	1RB0RA_1LC1LF_1RD0LB_1RA1LE_1LI0LC_0RG1LD_1RH1LG_1LC0RG_---1LJ_1RG0RC	std:HALT:11:11 HALT I0 ones=276 step=35741	big:HALT:11:11 HALT I0 ones=5316 step=28738541	shrink:HALT:11:11 HALT I0 ones=5316 step=28738541
GH	1RB0RA_1LC1LF_1RD0LB_1RA1LE_1LI0LC_0RG1LD_1RH1LG_1LC0RG_---1LJ_1RB0RF	std:HALT:8:8 HALT I0 ones=921 step=711513	big:FAIL:7:7 JUMPFAIL maximum recursion depth exceeded in comparison	shrink:HALT:8:8 HALT I0 ones=1553 step=34728947
GH	1RB0RA_1LC1LF_1RD0LB_1RA1LE_1LI0LC_0RG1LD_1RH1LG_1LC0RG_---1LJ_1LD0RF	std:HALT:8:8 HALT I0 ones=921 step=710925	big:FAIL:7:7 JUMPFAIL maximum recursion depth exceeded in comparison	shrink:HALT:8:8 HALT I0 ones=1553 step=34722759
SIB	1RB0RA_1LC1LF_1RD0LB_1RA1LE_0LI0LC_1RG1LD_1LC1RH_0LH0RF_---0LA_------	std:HALT:4:4 HALT I0 ones=8918 step=188163069	big:HALT:4:4 HALT I0 ones=17486 step=728738349	shrink:HALT:4:4 HALT I0 ones=11443 step=512779705
SIB	1RB0RA_1LC1LF_1RD0LB_1RA1LE_0LI0LC_1RG1LD_1LC1RH_0LH0RF_0LJ0LA_------	std:HALT:4:4 HALT J1 ones=8918 step=188163070	big:HALT:4:4 HALT J1 ones=17486 step=728738350	shrink:HALT:4:4 HALT J1 ones=11443 step=512779706
SIB	1RB0RA_1LC1LF_1RD0LB_1RA1LE_0LI0LC_1RG1LD_1LC1RH_0LH0RF_0LJ0LA_---0RB	std:FAIL:9:9 JUMPFAIL maximum recursion depth exceeded in comparison	big:FAIL:8:8 JUMPFAIL maximum recursion depth exceeded in comparison	shrink:HALT:6:6 HALT J0 ones=19672 step=156124717
SIB	1RB0RA_1LC1LF_1RD0LB_1RA1LE_0LI0LC_1RG1LD_1LC1RH_0LH0RF_0LJ0LA_---0RD	std:HALT:4:4 HALT J0 ones=8919 step=188163078	big:HALT:4:4 HALT J0 ones=17487 step=728738358	shrink:HALT:4:4 HALT J0 ones=11444 step=512779714
SIB	1RB0RA_1LC1LF_1RD0LB_1RA1LE_0LI0LC_1RG1LD_1LC1RH_0LH0RF_0LJ0LA_---0RE	std:HALT:4:4 HALT J0 ones=8917 step=188163073	big:HALT:4:4 HALT J0 ones=17485 step=728738353	shrink:HALT:4:4 HALT J0 ones=11442 step=512779709
SIB	1RB0RA_1LC1LF_1RD0LB_1RA1LE_0LI0LC_1RG1LD_1LC1RH_0LH0RF_0LJ0LA_---0RG	std:FAIL:9:9 JUMPFAIL maximum recursion depth exceeded in comparison	big:FAIL:8:8 JUMPFAIL maximum recursion depth exceeded in comparison	shrink:HALT:6:6 HALT J0 ones=19672 step=156124717
SIB	1RB0RA_1LC1LF_1RD0LB_1RA1LE_0LI0LC_1RG1LD_1LC1RH_0LH0RF_0LJ0LA_---0LI	std:HALT:4:4 HALT J0 ones=8917 step=188163072	big:HALT:4:4 HALT J0 ones=17485 step=728738352	shrink:HALT:4:4 HALT J0 ones=11442 step=512779708
SIB	1RB0RA_1LC1LF_1RD0LB_1RA1LE_0LI0LC_1RG1LD_1LC1RH_0LH0RF_0LJ0LA_---0RI	std:HALT:4:4 HALT J0 ones=8917 step=188163072	big:HALT:4:4 HALT J0 ones=17485 step=728738352	shrink:HALT:4:4 HALT J0 ones=11442 step=512779708
SIB	1RB0RA_1LC1LF_1RD0LB_1RA1LE_0LI0LC_1RG1LD_1LC1RH_0LH0RF_0LJ0LA_---1LI	std:HALT:4:4 HALT J0 ones=8918 step=188163072	big:HALT:4:4 HALT J0 ones=17486 step=728738352	shrink:HALT:4:4 HALT J0 ones=11443 step=512779708
SIB	1RB0RA_1LC1LF_1RD0LB_1RA1LE_0LI0LC_1RG1LD_1LC1RH_0LH0RF_0LJ0LA_---0LJ	std:HALT:4:4 HALT J0 ones=8917 step=188163071	big:HALT:4:4 HALT J0 ones=17485 step=728738351	shrink:HALT:4:4 HALT J0 ones=11442 step=512779707
SIB	1RB0RA_1LC1LF_1RD0LB_1RA1LE_0LI0LC_1RG1LD_1LC1RH_0LH0RF_0LJ0LA_---0RJ	std:HALT:4:4 HALT J0 ones=8917 step=188163071	big:HALT:4:4 HALT J0 ones=17485 step=728738351	shrink:HALT:4:4 HALT J0 ones=11442 step=512779707
SIB	1RB0RA_1LC1LF_1RD0LB_1RA1LE_0LI0LC_1RG1LD_1LC1RH_0LH0RF_0LJ0LA_---1LJ	std:HALT:4:4 HALT J0 ones=8918 step=188163071	big:HALT:4:4 HALT J0 ones=17486 step=728738351	shrink:HALT:4:4 HALT J0 ones=11443 step=512779707
SIB	1RB0RA_1LC1LF_1RD0LB_1RA1LE_0LI0LC_1RG1LD_1LC1RH_0LH0RF_0LJ0LA_---1RJ	std:HALT:4:4 HALT J0 ones=8918 step=188163071	big:HALT:4:4 HALT J0 ones=17486 step=728738351	shrink:HALT:4:4 HALT J0 ones=11443 step=512779707
SIB	1RB0RA_1LC1LF_1RD0LB_1RA1LE_0LI0LC_1RG1LD_1LC1RH_0LH0RF_0RJ0LA_------	std:HALT:4:4 HALT J0 ones=8918 step=188163070	big:HALT:4:4 HALT J0 ones=17486 step=728738350	shrink:HALT:4:4 HALT J0 ones=11443 step=512779706
SIB	1RB0RA_1LC1LF_1RD0LB_1RA1LE_0LI0LC_1RG1LD_1LC1RH_0LH0RF_0RJ0LA_1LI---	std:HALT:4:4 HALT J1 ones=8919 step=188163072	big:HALT:4:4 HALT J1 ones=17487 step=728738352	shrink:HALT:4:4 HALT J1 ones=11444 step=512779708
SIB	1RB0RA_1LC1LF_1RD0LB_1RA1LE_0LI0LC_1RG1LD_1LC1RH_0LH0RF_0RJ0LA_0LJ---	std:HALT:4:4 HALT J1 ones=8918 step=188163072	big:HALT:4:4 HALT J1 ones=17486 step=728738352	shrink:HALT:4:4 HALT J1 ones=11443 step=512779708
SIB	1RB0RA_1LC1LF_1RD0LB_1RA1LE_0LI0LC_1RG1LD_1LC1RH_0LH0RF_0RJ0LA_0RJ---	std:HALT:4:4 HALT J1 ones=8918 step=188163071	big:HALT:4:4 HALT J1 ones=17486 step=728738351	shrink:HALT:4:4 HALT J1 ones=11443 step=512779707
SIB	1RB0RA_1LC1LF_1RD0LB_1RA1LE_0LI0LC_1RG1LD_1LC1RH_0LH0RF_0RJ0LA_1LJ---	std:HALT:4:4 HALT J1 ones=8920 step=188163072	big:HALT:4:4 HALT J1 ones=17488 step=728738352	shrink:HALT:4:4 HALT J1 ones=11445 step=512779708
SIB	1RB0RA_1LC1LF_1RD0LB_1RA1LE_0LI0LC_1RG1LD_1LC1RH_0LH0RF_0RJ0LA_1RJ---	std:HALT:4:4 HALT J1 ones=8919 step=188163071	big:HALT:4:4 HALT J1 ones=17487 step=728738351	shrink:HALT:4:4 HALT J1 ones=11444 step=512779707
SIB	1RB0RA_1LC1LF_1RD0LB_1RA1LE_0LI0LC_1RG1LD_1LC1RH_0LH0RF_1LJ0LA_------	std:HALT:4:4 HALT J1 ones=8919 step=188163070	big:HALT:4:4 HALT J1 ones=17487 step=728738350	shrink:HALT:4:4 HALT J1 ones=11444 step=512779706
SIB	1RB0RA_1LC1LF_1RD0LB_1RA1LE_0LI0LC_1RG1LD_1LC1RH_0LH0RF_1LJ0LA_---1LB	std:W:4:4 W W 229169916	big:W:4:4 W W 827768550	shrink:HALT:4:4 HALT J0 ones=15016 step=513974252
SIB	1RB0RA_1LC1LF_1RD0LB_1RA1LE_0LI0LC_1RG1LD_1LC1RH_0LH0RF_1LJ0LA_---0LC	std:FAIL:9:9 JUMPFAIL maximum recursion depth exceeded in comparison	big:FAIL:8:8 JUMPFAIL maximum recursion depth exceeded in comparison	shrink:HALT:6:6 HALT J0 ones=19673 step=156124713
SIB	1RB0RA_1LC1LF_1RD0LB_1RA1LE_0LI0LC_1RG1LD_1LC1RH_0LH0RF_1LJ0LA_---1LC	std:HALT:4:4 HALT J0 ones=13309 step=238786095	big:HALT:4:4 HALT J0 ones=22408 step=783705897	shrink:HALT:4:4 HALT J0 ones=14595 step=513175079
SIB	1RB0RA_1LC1LF_1RD0LB_1RA1LE_0LI0LC_1RG1LD_1LC1RH_0LH0RF_1LJ0LA_---0RD	std:HALT:4:4 HALT J0 ones=8919 step=188163074	big:HALT:4:4 HALT J0 ones=17487 step=728738354	shrink:HALT:4:4 HALT J0 ones=11444 step=512779710
SIB	1RB0RA_1LC1LF_1RD0LB_1RA1LE_0LI0LC_1RG1LD_1LC1RH_0LH0RF_1LJ0LA_---1RD	std:FAIL:9:9 JUMPFAIL maximum recursion depth exceeded in comparison	big:FAIL:8:8 JUMPFAIL maximum recursion depth exceeded in comparison	shrink:HALT:6:6 HALT J0 ones=19673 step=156124715
SIB	1RB0RA_1LC1LF_1RD0LB_1RA1LE_0LI0LC_1RG1LD_1LC1RH_0LH0RF_1LJ0LA_---1LG	std:HALT:4:4 HALT J0 ones=11579 step=202734182	big:HALT:4:4 HALT J0 ones=22567 step=784161730	shrink:W:4:4 W W 520996034
SIB	1RB0RA_1LC1LF_1RD0LB_1RA1LE_0LI0LC_1RG1LD_1LC1RH_0LH0RF_1LJ0LA_---0LI	std:HALT:4:4 HALT J0 ones=8919 step=188163072	big:HALT:4:4 HALT J0 ones=17487 step=728738352	shrink:HALT:4:4 HALT J0 ones=11444 step=512779708
SIB	1RB0RA_1LC1LF_1RD0LB_1RA1LE_0LI0LC_1RG1LD_1LC1RH_0LH0RF_1LJ0LA_---1LI	std:HALT:4:4 HALT J0 ones=8920 step=188163072	big:HALT:4:4 HALT J0 ones=17488 step=728738352	shrink:HALT:4:4 HALT J0 ones=11445 step=512779708
SIB	1RB0RA_1LC1LF_1RD0LB_1RA1LE_0LI0LC_1RG1LD_1LC1RH_0LH0RF_1LJ0LA_---0LJ	std:HALT:4:4 HALT J0 ones=8918 step=188163071	big:HALT:4:4 HALT J0 ones=17486 step=728738351	shrink:HALT:4:4 HALT J0 ones=11443 step=512779707
SIB	1RB0RA_1LC1LF_1RD0LB_1RA1LE_0LI0LC_1RG1LD_1LC1RH_0LH0RF_1LJ0LA_---0RJ	std:HALT:4:4 HALT J0 ones=8917 step=188163072	big:HALT:4:4 HALT J0 ones=17485 step=728738352	shrink:HALT:4:4 HALT J0 ones=11442 step=512779708
SIB	1RB0RA_1LC1LF_1RD0LB_1RA1LE_0LI0LC_1RG1LD_1LC1RH_0LH0RF_1LJ0LA_---1LJ	std:HALT:4:4 HALT J0 ones=8919 step=188163071	big:HALT:4:4 HALT J0 ones=17487 step=728738351	shrink:HALT:4:4 HALT J0 ones=11444 step=512779707
SIB	1RB0RA_1LC1LF_1RD0LB_1RA1LE_0LI0LC_1RG1LD_1LC1RH_0LH0RF_1LJ0LA_---1RJ	std:HALT:4:4 HALT J0 ones=8919 step=188163072	big:HALT:4:4 HALT J0 ones=17487 step=728738352	shrink:HALT:4:4 HALT J0 ones=11444 step=512779708
SIB	1RB0RA_1LC1LF_1RD0LB_1RA1LE_0LI0LC_1RG1LD_1LC1RH_0LH0RF_1RJ0LA_------	std:HALT:4:4 HALT J0 ones=8919 step=188163070	big:HALT:4:4 HALT J0 ones=17487 step=728738350	shrink:HALT:4:4 HALT J0 ones=11444 step=512779706
SIB	1RB0RA_1LC1LF_1RD0LB_1RA1LE_0LI0LC_1RG1LD_1LC1RH_0LH0RF_1RJ0LA_0LJ---	std:HALT:4:4 HALT J1 ones=8919 step=188163071	big:HALT:4:4 HALT J1 ones=17487 step=728738351	shrink:HALT:4:4 HALT J1 ones=11444 step=512779707
SIB	1RB0RA_1LC1LF_1RD0LB_1RA1LE_0LI0LC_1RG1LD_1LC1RH_0LH0RF_1RJ0LA_0RJ---	std:HALT:4:4 HALT J1 ones=8919 step=188163071	big:HALT:4:4 HALT J1 ones=17487 step=728738351	shrink:HALT:4:4 HALT J1 ones=11444 step=512779707
SIB	1RB0RA_1LC1LF_1RD0LB_1RA1LE_0LI0LC_1RG1LD_1LC1RH_0LH0RF_1RJ0LA_1LJ---	std:HALT:4:4 HALT J1 ones=8920 step=188163071	big:HALT:4:4 HALT J1 ones=17488 step=728738351	shrink:HALT:4:4 HALT J1 ones=11445 step=512779707
SIB	1RB0RA_1LC1LF_1RD0LB_1RA1LE_0LI0LC_1RG1LD_1LC1RH_0LH0RF_1RJ0LA_1RJ---	std:HALT:4:4 HALT J1 ones=8920 step=188163071	big:HALT:4:4 HALT J1 ones=17488 step=728738351	shrink:HALT:4:4 HALT J1 ones=11445 step=512779707
SIB	1RB0RA_1LC1LF_1RD0LB_1RA1LE_0LI0LC_1RG1LD_1LC1RH_0LH0RF_0LJ1LC_---0LG	std:HALT:8:8 HALT J0 ones=5311 step=46371868	big:HALT:8:8 HALT J0 ones=10351 step=168879148	shrink:HALT:8:8 HALT J0 ones=10351 step=168879148
SIB	1RB0RA_1LC1LF_1RD0LB_1RA1LE_0LI0LC_1RG1LD_1LC1RH_0LH0RF_1LJ1LC_---1LC	std:HALT:11:11 HALT J0 ones=10536 step=46906619	big:HALT:11:11 HALT J0 ones=20616 step=169948139	shrink:HALT:11:11 HALT J0 ones=10536 step=166238699
SIB	1RB0RA_1LC1LF_1RD0LB_1RA1LE_0LI0LC_1RG1LD_1LC1RH_0LH0RF_1LJ1LC_---1LE	std:HALT:6:6 HALT J0 ones=5433 step=44835224	big:HALT:6:6 HALT J0 ones=10473 step=165820424	shrink:HALT:6:6 HALT J0 ones=10473 step=165820424
SIB	1RB0RA_1LC1LF_1RD0LB_1RA1LE_0LI0LC_1RG1LD_1LC1RH_0LH0RF_1LJ1LC_---1RF	std:HALT:6:6 HALT J0 ones=5433 step=44835238	big:HALT:6:6 HALT J0 ones=10473 step=165820438	shrink:HALT:6:6 HALT J0 ones=10473 step=165820438
SIB	1RB0RA_1LC1LF_1RD0LB_1RA1LE_0LI0LC_1RG1LD_1LC1RH_0LH0RF_1LJ1LC_---1LH	std:HALT:8:8 HALT J0 ones=10542 step=149611904	big:HALT:8:8 HALT J0 ones=20624 step=578479708	shrink:HALT:8:8 HALT J0 ones=20624 step=578479708
SIB	1RB0RA_1LC1LF_1RD0LB_1RA1LE_0LI0LC_1RG1LD_1LC1RH_0LH0RF_0LJ1LD_---0RC	std:HALT:11:11 HALT J0 ones=15612 step=42288792	big:HALT:11:11 HALT J0 ones=30732 step=160733832	shrink:HALT:11:11 HALT J0 ones=10572 step=160471752
SIB	1RB0RA_1LC1LF_1RD0LB_1RA1LE_0LI0LC_1RG1LD_1LC1RH_0LH0RF_0LJ0RI_0LA---	std:HALT:4:4 HALT J1 ones=8918 step=188168202	big:HALT:4:4 HALT J1 ones=17486 step=728748522	shrink:HALT:4:4 HALT J1 ones=11443 step=512784842
SIB	1RB0RA_1LC1LF_1RD0LB_1RA1LE_0LI0LC_1RG1LD_1LC1RH_0LH0RF_---0LJ_0LA0RA	std:HALT:3:3 HALT I0 ones=5758 step=61117714	big:HALT:3:3 HALT I0 ones=10798 step=198583714	shrink:HALT:3:3 HALT I0 ones=10798 step=198583714
SIB	1RB0RA_1LC1LF_1RD0LB_1RA1LE_0LI0LC_1RG1LD_1LC1RH_0LH0RF_---0LJ_1RB0RA	std:HALT:4:4 HALT I0 ones=8918 step=188163069	big:HALT:4:4 HALT I0 ones=17486 step=728738349	shrink:HALT:4:4 HALT I0 ones=11443 step=512779705
SIB	1RB0RA_1LC1LF_1RD0LB_1RA1LE_0LI0LC_1RG1LD_1LC1RH_0LH0RF_---0LJ_1RC0RA	std:HALT:4:4 HALT I0 ones=5403 step=42706823	big:HALT:4:4 HALT I0 ones=10443 step=161565143	shrink:HALT:4:4 HALT I0 ones=10443 step=161565143
SIB	1RB0RA_1LC1LF_1RD0LB_1RA1LE_0LI0LC_1RG1LD_1LC1RH_0LH0RF_---0LJ_1RG0RA	std:HALT:4:4 HALT I0 ones=8918 step=188163069	big:HALT:4:4 HALT I0 ones=17486 step=728738349	shrink:HALT:4:4 HALT I0 ones=11443 step=512779705
SIB	1RB0RA_1LC1LF_1RD0LB_1RA1LE_0LI0LC_1RG1LD_1LC1RH_0LH0RF_---0LJ_1RJ0RA	std:HALT:4:4 HALT I0 ones=5403 step=42706823	big:HALT:4:4 HALT I0 ones=10443 step=161565143	shrink:HALT:4:4 HALT I0 ones=10443 step=161565143
SIB	1RB0RA_1LC1LF_1RD0LB_1RA1LE_0LI0LC_1RG1LD_1LC1RH_0LH0RF_---0LJ_0RB0LB	std:HALT:5:5 HALT I0 ones=5317 step=45354969	big:HALT:5:5 HALT I0 ones=10357 step=166854249	shrink:HALT:5:5 HALT I0 ones=10357 step=166854249
SIB	1RB0RA_1LC1LF_1RD0LB_1RA1LE_0LI0LC_1RG1LD_1LC1RH_0LH0RF_---0LJ_0RG0LB	std:HALT:5:5 HALT I0 ones=5317 step=45354969	big:HALT:5:5 HALT I0 ones=10357 step=166854249	shrink:HALT:5:5 HALT I0 ones=10357 step=166854249
SIB	1RB0RA_1LC1LF_1RD0LB_1RA1LE_0LI0LC_1RG1LD_1LC1RH_0LH0RF_---0LJ_0LB1RB	std:HALT:9:9 HALT I0 ones=5383 step=44212951	big:HALT:9:9 HALT I0 ones=10423 step=164593351	shrink:HALT:9:9 HALT I0 ones=10423 step=164593351
SIB	1RB0RA_1LC1LF_1RD0LB_1RA1LE_0LI0LC_1RG1LD_1LC1RH_0LH0RF_---0LJ_0LA0RF	std:HALT:3:3 HALT I0 ones=5758 step=61117714	big:HALT:3:3 HALT I0 ones=10798 step=198583714	shrink:HALT:3:3 HALT I0 ones=10798 step=198583714
SIB	1RB0RA_1LC1LF_1RD0LB_1RA1LE_0LI0LC_1RG1LD_1LC1RH_0LH0RF_---0LJ_1RB0RF	std:HALT:4:4 HALT I0 ones=8918 step=188163069	big:HALT:4:4 HALT I0 ones=17486 step=728738349	shrink:HALT:4:4 HALT I0 ones=11443 step=512779705
SIB	1RB0RA_1LC1LF_1RD0LB_1RA1LE_0LI0LC_1RG1LD_1LC1RH_0LH0RF_---0LJ_1RC0RF	std:HALT:4:4 HALT I0 ones=5403 step=42706823	big:HALT:4:4 HALT I0 ones=10443 step=161565143	shrink:HALT:4:4 HALT I0 ones=10443 step=161565143
SIB	1RB0RA_1LC1LF_1RD0LB_1RA1LE_0LI0LC_1RG1LD_1LC1RH_0LH0RF_---0LJ_1RG0RF	std:HALT:4:4 HALT I0 ones=8918 step=188163069	big:HALT:4:4 HALT I0 ones=17486 step=728738349	shrink:HALT:4:4 HALT I0 ones=11443 step=512779705
SIB	1RB0RA_1LC1LF_1RD0LB_1RA1LE_0LI0LC_1RG1LD_1LC1RH_0LH0RF_---0LJ_0RJ0RF	std:HALT:11:11 HALT I0 ones=15552 step=42394690	big:HALT:11:11 HALT I0 ones=30672 step=160960690	shrink:HALT:11:11 HALT I0 ones=10512 step=160960690
SIB	1RB0RA_1LC1LF_1RD0LB_1RA1LE_0LI0LC_1RG1LD_1LC1RH_0LH0RF_---0LJ_0LB0LG	std:FAIL:6:6 JUMPFAIL maximum recursion depth exceeded in comparison	big:FAIL:6:6 JUMPFAIL maximum recursion depth exceeded in comparison	shrink:FAIL:6:6 JUMPFAIL maximum recursion depth exceeded in comparison
SIB	1RB0RA_1LC1LF_1RD0LB_1RA1LE_0LI0LC_1RG1LD_1LC1RH_0LH0RF_---0LJ_0RB0LG	std:HALT:5:5 HALT I0 ones=5317 step=45354969	big:HALT:5:5 HALT I0 ones=10357 step=166854249	shrink:HALT:5:5 HALT I0 ones=10357 step=166854249
SIB	1RB0RA_1LC1LF_1RD0LB_1RA1LE_0LI0LC_1RG1LD_1LC1RH_0LH0RF_---0LJ_0RG0LG	std:HALT:5:5 HALT I0 ones=5317 step=45354969	big:HALT:5:5 HALT I0 ones=10357 step=166854249	shrink:HALT:5:5 HALT I0 ones=10357 step=166854249
SIB	1RB0RA_1LC1LF_1RD0LB_1RA1LE_0LI0LC_1RG1LD_1LC1RH_0LH0RF_---0LJ_0LB1RG	std:HALT:9:9 HALT I0 ones=5383 step=44212951	big:HALT:9:9 HALT I0 ones=10423 step=164593351	shrink:HALT:9:9 HALT I0 ones=10423 step=164593351
SIB	1RB0RA_1LC1LF_1RD0LB_1RA1LE_0LI0LC_1RG1LD_1LC1RH_0LH0RF_---0LJ_0LA1RH	std:HALT:3:3 HALT I0 ones=5758 step=61117714	big:HALT:3:3 HALT I0 ones=10798 step=198583714	shrink:HALT:3:3 HALT I0 ones=10798 step=198583714
SIB	1RB0RA_1LC1LF_1RD0LB_1RA1LE_0LI0LC_1RG1LD_1LC1RH_0LH0RF_---0LJ_1RB1RH	std:HALT:4:4 HALT I0 ones=8918 step=188163081	big:HALT:4:4 HALT I0 ones=17486 step=728738361	shrink:HALT:4:4 HALT I0 ones=11443 step=512779719
SIB	1RB0RA_1LC1LF_1RD0LB_1RA1LE_0LI0LC_1RG1LD_1LC1RH_0LH0RF_---0LJ_1RC1RH	std:HALT:4:4 HALT I0 ones=5403 step=42706827	big:HALT:4:4 HALT I0 ones=10443 step=161565147	shrink:HALT:4:4 HALT I0 ones=10443 step=161565147
SIB	1RB0RA_1LC1LF_1RD0LB_1RA1LE_0LI0LC_1RG1LD_1LC1RH_0LH0RF_---0LJ_1RG1RH	std:HALT:4:4 HALT I0 ones=8918 step=188163081	big:HALT:4:4 HALT I0 ones=17486 step=728738361	shrink:HALT:4:4 HALT I0 ones=11443 step=512779719
SIB	1RB0RA_1LC1LF_1RD0LB_1RA1LE_0LI0LC_1RG1LD_1LC1RH_0LH0RF_---0LJ_1RB0RJ	std:HALT:4:4 HALT I0 ones=8918 step=188163069	big:HALT:4:4 HALT I0 ones=17486 step=728738349	shrink:HALT:4:4 HALT I0 ones=11443 step=512779705
SIB	1RB0RA_1LC1LF_1RD0LB_1RA1LE_0LI0LC_1RG1LD_1LC1RH_0LH0RF_---0LJ_1RG0RJ	std:HALT:4:4 HALT I0 ones=8918 step=188163069	big:HALT:4:4 HALT I0 ones=17486 step=728738349	shrink:HALT:4:4 HALT I0 ones=11443 step=512779705
SIB	1RB0RA_1LC1LF_1RD0LB_1RA1LE_0LI0LC_1RG1LD_1LC1RH_0LH0RF_---0LJ_0LA1LJ	std:HALT:3:3 HALT I0 ones=5758 step=61117714	big:HALT:3:3 HALT I0 ones=10798 step=198583714	shrink:HALT:3:3 HALT I0 ones=10798 step=198583714
SIB	1RB0RA_1LC1LF_1RD0LB_1RA1LE_0LI0LC_1RG1LD_1LC1RH_0LH0RF_---0LJ_0LA1RJ	std:HALT:3:3 HALT I0 ones=5758 step=61117714	big:HALT:3:3 HALT I0 ones=10798 step=198583714	shrink:HALT:3:3 HALT I0 ones=10798 step=198583714
SIB	1RB0RA_1LC1LF_1RD0LB_1RA1LE_0LI0LC_1RG1LD_1LC1RH_0LH0RF_---0LJ_0LF1RJ	std:FAIL:5:5 JUMPFAIL maximum recursion depth exceeded in comparison	big:FAIL:5:5 JUMPFAIL maximum recursion depth exceeded in comparison	shrink:T:8:8 T T 1000000000
SIB	1RB0RA_1LC1LF_1RD0LB_1RA1LE_0LI0LC_1RG1LD_1LC1RH_0LH0RF_---0RJ_0LJ1LD	std:FAIL:5:5 JUMPFAIL maximum recursion depth exceeded in comparison	big:FAIL:5:5 JUMPFAIL maximum recursion depth exceeded in comparison	shrink:FAIL:14:14 JUMPFAIL maximum recursion depth exceeded in comparison
SIB	1RB0RA_1LC1LF_1RD0LB_1RA1LE_0LI0LC_1RG1LD_1LC1RH_0LH0RF_---1LJ_1RE0LB	std:HALT:9:9 HALT I0 ones=5383 step=44213005	big:HALT:9:9 HALT I0 ones=10423 step=164593405	shrink:HALT:9:9 HALT I0 ones=10423 step=164593405
SIB	1RB0RA_1LC1LF_1RD0LB_1RA1LE_0LI0LC_1RG1LD_1LC1RH_0LH0RF_---1LJ_0LC1RE	std:HALT:5:5 HALT I0 ones=5317 step=45354969	big:HALT:5:5 HALT I0 ones=10357 step=166854249	shrink:HALT:5:5 HALT I0 ones=10357 step=166854249
SIB	1RB0RA_1LC1LF_1RD0LB_1RA1LE_0LI0LC_1RG1LD_1LC1RH_0LH0RF_---1LJ_1RD1RE	std:HALT:5:5 HALT I0 ones=5317 step=45354969	big:HALT:5:5 HALT I0 ones=10357 step=166854249	shrink:HALT:5:5 HALT I0 ones=10357 step=166854249
SIB	1RB0RA_1LC1LF_1RD0LB_1RA1LE_0LI0LC_1RG1LD_1LC1RH_0LH0RF_---1LJ_1LE1RE	std:HALT:10:10 HALT I0 ones=10448 step=44244367	big:HALT:10:10 HALT I0 ones=20528 step=164614687	shrink:HALT:10:10 HALT I0 ones=10448 step=164614687
SIB	1RB0RA_1LC1LF_1RD0LB_1RA1LE_0LI0LC_1RG1LD_1LC1RH_0LH0RF_---1LJ_1RF1RE	std:HALT:10:10 HALT I0 ones=10448 step=44244371	big:HALT:10:10 HALT I0 ones=20528 step=164614691	shrink:HALT:10:10 HALT I0 ones=10448 step=164614691
SIB	1RB0RA_1LC1LF_1RD0LB_1RA1LE_0LI0LC_1RG1LD_1LC1RH_0LH0RF_---1LJ_1LJ1RE	std:HALT:4:4 HALT I0 ones=5398 step=45074799	big:HALT:4:4 HALT I0 ones=10438 step=166301919	shrink:HALT:4:4 HALT I0 ones=10438 step=166301919
SIB	1RB0RA_1LC1LF_1RD0LB_1RA1LE_0LI0LC_1RG1LD_1LC1RH_0LH0RF_---1LJ_0LA0LG	std:HALT:2:2 HALT I0 ones=5477 step=49008795	big:HALT:2:2 HALT I0 ones=10517 step=174187275	shrink:HALT:2:2 HALT I0 ones=10517 step=174187275
SIB	1RB0RA_1LC1LF_1RD0LB_1RA1LE_0LI0LC_1RG1LD_1LC1RH_0LH0RF_---1LJ_0LC0LJ	std:HALT:4:4 HALT I0 ones=5400 step=45074129	big:HALT:4:4 HALT I0 ones=10440 step=166301249	shrink:HALT:4:4 HALT I0 ones=10440 step=166301249
SIB	1RB0RA_1LC1LF_1RD0LB_1RA1LE_0LI0LC_1RG1LD_1LC1RH_0LH0RF_---1RJ_0LJ0LA	std:HALT:4:4 HALT I0 ones=8918 step=188168201	big:HALT:4:4 HALT I0 ones=17486 step=728748521	shrink:HALT:4:4 HALT I0 ones=11443 step=512784841
SIB	1RB0RA_1LC1LF_1RD0LB_1RA1LE_0RI0LC_1RG1LD_1LC1RH_0LH0RF_1LJ0LE_1LI---	std:FAIL:4:4 JUMPFAIL maximum recursion depth exceeded in comparison	big:FAIL:4:4 JUMPFAIL maximum recursion depth exceeded in comparison	shrink:HALT:7:7 HALT J1 ones=10386 step=166054332
SIB	1RB0RA_1LC1LF_1RD0LB_1RA1LE_0RI0LC_1RG1LD_1LC1RH_0LH0RF_0LJ0LI_---1LG	std:HALT:9:9 HALT J0 ones=15506 step=42185095	big:HALT:9:9 HALT J0 ones=30626 step=160529335	shrink:HALT:9:9 HALT J0 ones=10466 step=160468855
SIB	1RB0RA_1LC1LF_1RD0LB_1RA1LE_0RI0LC_1RG1LD_1LC1RH_0LH0RF_0LJ1LI_---0LA	std:HALT:4:4 HALT J0 ones=8918 step=188168203	big:HALT:4:4 HALT J0 ones=17486 step=728748523	shrink:HALT:4:4 HALT J0 ones=11443 step=512784843
SIB	1RB0RA_1LC1LF_1RD0LB_1RA1LE_0RI0LC_1RG1LD_1LC1RH_0LH0RF_---1LJ_1LI0LF	std:FAIL:3:3 JUMPFAIL maximum recursion depth exceeded in comparison	big:FAIL:3:3 JUMPFAIL maximum recursion depth exceeded in comparison	shrink:HALT:9:9 HALT I0 ones=10437 step=161122425
SIB	1RB0RA_1LC1LF_1RD0LB_1RA1LE_1LI0LC_1RG1LD_1LC1RH_0LH0RF_1LJ0LB_0LA---	std:FAIL:3:3 JUMPFAIL maximum recursion depth exceeded in comparison	big:T:3:3 T T 1000000000	shrink:T:3:3 T T 1000000000
SIB	1RB0RA_1LC1LF_1RD0LB_1RA1LE_1LI0LC_1RG1LD_1LC1RH_0LH0RF_1LJ0LB_1LA---	std:FAIL:4:4 JUMPFAIL maximum recursion depth exceeded in comparison	big:T:4:4 T T 1000000000	shrink:T:4:4 T T 1000000000
SIB	1RB0RA_1LC1LF_1RD0LB_1RA1LE_1LI0LC_1RG1LD_1LC1RH_0LH0RF_1LJ0LB_0LF---	std:FAIL:3:3 JUMPFAIL maximum recursion depth exceeded in comparison	big:T:3:3 T T 1000000000	shrink:T:3:3 T T 1000000000
SIB	1RB0RA_1LC1LF_1RD0LB_1RA1LE_1LI0LC_1RG1LD_1LC1RH_0LH0RF_0LJ0RC_---0RF	std:HALT:10:10 HALT J0 ones=5471 step=46826058	big:HALT:10:10 HALT J0 ones=10511 step=169786938	shrink:HALT:10:10 HALT J0 ones=10511 step=169786938
SIB	1RB0RA_1LC1LF_1RD0LB_1RA1LE_1LI0LC_1RG1LD_1LC1RH_0LH0RF_0LJ0RC_---1RF	std:HALT:10:10 HALT J0 ones=5284 step=46493424	big:HALT:10:10 HALT J0 ones=10324 step=169121664	shrink:HALT:10:10 HALT J0 ones=10324 step=169121664
SIB	1RB0RA_1LC1LF_1RD0LB_1RA1LE_1LI0LC_1RG1LD_1LC1RH_0LH0RF_0LJ0RC_---1RH	std:HALT:10:10 HALT J0 ones=5471 step=46826058	big:HALT:10:10 HALT J0 ones=10511 step=169786938	shrink:HALT:10:10 HALT J0 ones=10511 step=169786938
SIB	1RB0RA_1LC1LF_1RD0LB_1RA1LE_1LI0LC_1RG1LD_1LC1RH_0LH0RF_1LJ0RC_---1LA	std:HALT:10:10 HALT J0 ones=12186 step=188224578	big:HALT:10:10 HALT J0 ones=23946 step=734831058	shrink:HALT:10:10 HALT J0 ones=10506 step=167441298
SIB	1RB0RA_1LC1LF_1RD0LB_1RA1LE_1LI0LC_1RG1LD_1LC1RH_0LH0RF_---0RJ_0LA0LJ	std:HALT:4:4 HALT I0 ones=8919 step=188168201	big:HALT:4:4 HALT I0 ones=17487 step=728748521	shrink:HALT:4:4 HALT I0 ones=11444 step=512784841
SIB	1RB0RA_1LC1LF_1RD0LB_1RA1LE_1LI0LC_1RG1LD_1LC1RH_0LH0RF_---1LJ_1LA1RA	std:FAIL:4:4 JUMPFAIL maximum recursion depth exceeded in comparison	big:FAIL:4:4 JUMPFAIL maximum recursion depth exceeded in comparison	shrink:HALT:8:8 HALT I0 ones=10667 step=170300041
SIB	1RB0RA_1LC1LF_1RD0LB_1RA1LE_1LI0LC_1RG1LD_1LC1RH_0LH0RF_---1LJ_1RB1RA	std:FAIL:7:7 JUMPFAIL maximum recursion depth exceeded in comparison	big:FAIL:7:7 JUMPFAIL maximum recursion depth exceeded in comparison	shrink:HALT:8:8 HALT I0 ones=723 step=166732615
SIB	1RB0RA_1LC1LF_1RD0LB_1RA1LE_1LI0LC_1RG1LD_1LC1RH_0LH0RF_---1LJ_1LD1RA	std:FAIL:7:7 JUMPFAIL maximum recursion depth exceeded in comparison	big:FAIL:7:7 JUMPFAIL maximum recursion depth exceeded in comparison	shrink:HALT:8:8 HALT I0 ones=723 step=166722491
SIB	1RB0RA_1LC1LF_1RD0LB_1RA1LE_1LI0LC_1RG1LD_1LC1RH_0LH0RF_---1LJ_0LJ1RA	std:FAIL:7:7 JUMPFAIL maximum recursion depth exceeded in comparison	big:FAIL:7:7 JUMPFAIL maximum recursion depth exceeded in comparison	shrink:HALT:8:8 HALT I0 ones=723 step=166742739
SIB	1RB0RA_1LC1LF_1RD0LB_1RA1LE_1LI0LC_1RG1LD_1LC1RH_0LH0RF_---1LJ_0RB0RC	std:HALT:4:4 HALT I0 ones=5404 step=42706819	big:HALT:4:4 HALT I0 ones=10444 step=161565139	shrink:HALT:4:4 HALT I0 ones=10444 step=161565139
SIB	1RB0RA_1LC1LF_1RD0LB_1RA1LE_1LI0LC_1RG1LD_1LC1RH_0LH0RF_---1LJ_1RG0RC	std:HALT:4:4 HALT I0 ones=5404 step=42706819	big:HALT:4:4 HALT I0 ones=10444 step=161565139	shrink:HALT:4:4 HALT I0 ones=10444 step=161565139
SIB	1RB0RA_1LC1LF_1RD0LB_1RA1LE_1LI0LC_1RG1LD_1LC1RH_0LH0RF_---1LJ_1RJ0RC	std:HALT:4:4 HALT I0 ones=8919 step=188168177	big:HALT:4:4 HALT I0 ones=17487 step=728748497	shrink:HALT:4:4 HALT I0 ones=11444 step=512784813
SIB	1RB0RA_1LC1LF_1RD0LB_1RA1LE_1LI0LC_1RG1LD_1LC1RH_0LH0RF_---1LJ_1LA0RF	std:FAIL:4:4 JUMPFAIL maximum recursion depth exceeded in comparison	big:FAIL:4:4 JUMPFAIL maximum recursion depth exceeded in comparison	shrink:HALT:8:8 HALT I0 ones=10667 step=170300041
SIB	1RB0RA_1LC1LF_1RD0LB_1RA1LE_1LI0LC_1RG1LD_1LC1RH_0LH0RF_---1LJ_1RB0RF	std:FAIL:7:7 JUMPFAIL maximum recursion depth exceeded in comparison	big:FAIL:7:7 JUMPFAIL maximum recursion depth exceeded in comparison	shrink:HALT:8:8 HALT I0 ones=723 step=166732619
SIB	1RB0RA_1LC1LF_1RD0LB_1RA1LE_1LI0LC_1RG1LD_1LC1RH_0LH0RF_---1LJ_1LD0RF	std:FAIL:7:7 JUMPFAIL maximum recursion depth exceeded in comparison	big:FAIL:7:7 JUMPFAIL maximum recursion depth exceeded in comparison	shrink:HALT:8:8 HALT I0 ones=723 step=166722495
SIB	1RB0RA_1LC1LF_1RD0LB_1RA1LE_1LI0LC_1RG1LD_1LC1RH_0LH0RF_---1LJ_1LA0RI	std:HALT:5:5 HALT I0 ones=10401 step=41385981	big:HALT:5:5 HALT I0 ones=20481 step=158943981	shrink:HALT:5:5 HALT I0 ones=20481 step=158943981
H	1RB0RA_1LC1LF_1RD0LB_1RA1LE_0LI0LC_1RG1LD_1LC0RH_1RG1LH_---0LJ_0RJ0RF	std:HALT:11:11 HALT I0 ones=432 step=32677	big:HALT:11:11 HALT I0 ones=15552 step=29486437	shrink:HALT:11:11 HALT I0 ones=5472 step=29486437
H	1RB0RA_1LC1LF_1RD0LB_1RA1LE_1LI0LC_1RG1LD_1LC0RH_1RG1LH_---0LJ_1LD1LC	std:HALT:11:11 HALT I0 ones=516 step=31192	big:HALT:11:11 HALT I0 ones=30756 step=29051512	shrink:HALT:11:11 HALT I0 ones=11856 step=28950712
H	1RB0RA_1LC1LF_1RD0LB_1RA1LE_1LI0LC_1RG1LD_1LC0RH_1RG1LH_---1LJ_1RB1RA	std:HALT:8:8 HALT I0 ones=921 step=710370	big:FAIL:7:7 JUMPFAIL maximum recursion depth exceeded in comparison	shrink:HALT:8:8 HALT I0 ones=1553 step=34721646
H	1RB0RA_1LC1LF_1RD0LB_1RA1LE_1LI0LC_1RG1LD_1LC0RH_1RG1LH_---1LJ_1LD1RA	std:HALT:8:8 HALT I0 ones=921 step=709782	big:FAIL:7:7 JUMPFAIL maximum recursion depth exceeded in comparison	shrink:HALT:8:8 HALT I0 ones=1553 step=34715458
H	1RB0RA_1LC1LF_1RD0LB_1RA1LE_1LI0LC_1RG1LD_1LC0RH_1RG1LH_---1LJ_0LJ1RA	std:HALT:9:9 HALT I0 ones=553 step=2961	big:FAIL:7:7 JUMPFAIL maximum recursion depth exceeded in comparison	shrink:HALT:9:9 HALT I0 ones=5805 step=25969041
H	1RB0RA_1LC1LF_1RD0LB_1RA1LE_1LI0LC_1RG1LD_1LC0RH_1RG1LH_---1LJ_1LH0RC	std:HALT:11:11 HALT I0 ones=276 step=35682	big:HALT:11:11 HALT I0 ones=5316 step=28733442	shrink:HALT:11:11 HALT I0 ones=5316 step=28733442
H	1RB0RA_1LC1LF_1RD0LB_1RA1LE_1LI0LC_1RG1LD_1LC0RH_1RG1LH_---1LJ_1RH0RC	std:HALT:11:11 HALT I0 ones=276 step=35688	big:HALT:11:11 HALT I0 ones=5316 step=28733448	shrink:HALT:11:11 HALT I0 ones=5316 step=28733448
H	1RB0RA_1LC1LF_1RD0LB_1RA1LE_1LI0LC_1RG1LD_1LC0RH_1RG1LH_---1LJ_1RB0RF	std:HALT:8:8 HALT I0 ones=921 step=710374	big:FAIL:7:7 JUMPFAIL maximum recursion depth exceeded in comparison	shrink:HALT:8:8 HALT I0 ones=1553 step=34721650
H	1RB0RA_1LC1LF_1RD0LB_1RA1LE_1LI0LC_1RG1LD_1LC0RH_1RG1LH_---1LJ_1LD0RF	std:HALT:8:8 HALT I0 ones=921 step=709786	big:FAIL:7:7 JUMPFAIL maximum recursion depth exceeded in comparison	shrink:HALT:8:8 HALT I0 ones=1553 step=34715462
