GH	1RB0RA_1LC1LF_1RD0LB_1RA1LE_1LI0LC_0RG1LD_1RH1LG_1LC0RG_---0LJ_1LD1LC
GH	1RB0RA_1LC1LF_1RD0LB_1RA1LE_1LI0LC_0RG1LD_1RH1LG_1LC0RG_---1LJ_1RB1RA
GH	1RB0RA_1LC1LF_1RD0LB_1RA1LE_1LI0LC_0RG1LD_1RH1LG_1LC0RG_---1LJ_1LD1RA
GH	1RB0RA_1LC1LF_1RD0LB_1RA1LE_1LI0LC_0RG1LD_1RH1LG_1LC0RG_---1LJ_0LJ1RA
GH	1RB0RA_1LC1LF_1RD0LB_1RA1LE_1LI0LC_0RG1LD_1RH1LG_1LC0RG_---1LJ_1LG0RC
GH	1RB0RA_1LC1LF_1RD0LB_1RA1LE_1LI0LC_0RG1LD_1RH1LG_1LC0RG_---1LJ_1RG0RC
GH	1RB0RA_1LC1LF_1RD0LB_1RA1LE_1LI0LC_0RG1LD_1RH1LG_1LC0RG_---1LJ_1RB0RF
GH	1RB0RA_1LC1LF_1RD0LB_1RA1LE_1LI0LC_0RG1LD_1RH1LG_1LC0RG_---1LJ_1LD0RF
SIB	1RB0RA_1LC1LF_1RD0LB_1RA1LE_0LI0LC_1RG1LD_1LC1RH_0LH0RF_---0LA_------
SIB	1RB0RA_1LC1LF_1RD0LB_1RA1LE_0LI0LC_1RG1LD_1LC1RH_0LH0RF_0LJ0LA_------
SIB	1RB0RA_1LC1LF_1RD0LB_1RA1LE_0LI0LC_1RG1LD_1LC1RH_0LH0RF_0LJ0LA_---0RB
SIB	1RB0RA_1LC1LF_1RD0LB_1RA1LE_0LI0LC_1RG1LD_1LC1RH_0LH0RF_0LJ0LA_---0RD
SIB	1RB0RA_1LC1LF_1RD0LB_1RA1LE_0LI0LC_1RG1LD_1LC1RH_0LH0RF_0LJ0LA_---0RE
SIB	1RB0RA_1LC1LF_1RD0LB_1RA1LE_0LI0LC_1RG1LD_1LC1RH_0LH0RF_0LJ0LA_---0RG
SIB	1RB0RA_1LC1LF_1RD0LB_1RA1LE_0LI0LC_1RG1LD_1LC1RH_0LH0RF_0LJ0LA_---0LI
SIB	1RB0RA_1LC1LF_1RD0LB_1RA1LE_0LI0LC_1RG1LD_1LC1RH_0LH0RF_0LJ0LA_---0RI
SIB	1RB0RA_1LC1LF_1RD0LB_1RA1LE_0LI0LC_1RG1LD_1LC1RH_0LH0RF_0LJ0LA_---1LI
SIB	1RB0RA_1LC1LF_1RD0LB_1RA1LE_0LI0LC_1RG1LD_1LC1RH_0LH0RF_0LJ0LA_---0LJ
SIB	1RB0RA_1LC1LF_1RD0LB_1RA1LE_0LI0LC_1RG1LD_1LC1RH_0LH0RF_0LJ0LA_---0RJ
SIB	1RB0RA_1LC1LF_1RD0LB_1RA1LE_0LI0LC_1RG1LD_1LC1RH_0LH0RF_0LJ0LA_---1LJ
SIB	1RB0RA_1LC1LF_1RD0LB_1RA1LE_0LI0LC_1RG1LD_1LC1RH_0LH0RF_0LJ0LA_---1RJ
SIB	1RB0RA_1LC1LF_1RD0LB_1RA1LE_0LI0LC_1RG1LD_1LC1RH_0LH0RF_0RJ0LA_------
SIB	1RB0RA_1LC1LF_1RD0LB_1RA1LE_0LI0LC_1RG1LD_1LC1RH_0LH0RF_0RJ0LA_1LI---
SIB	1RB0RA_1LC1LF_1RD0LB_1RA1LE_0LI0LC_1RG1LD_1LC1RH_0LH0RF_0RJ0LA_0LJ---
SIB	1RB0RA_1LC1LF_1RD0LB_1RA1LE_0LI0LC_1RG1LD_1LC1RH_0LH0RF_0RJ0LA_0RJ---
SIB	1RB0RA_1LC1LF_1RD0LB_1RA1LE_0LI0LC_1RG1LD_1LC1RH_0LH0RF_0RJ0LA_1LJ---
SIB	1RB0RA_1LC1LF_1RD0LB_1RA1LE_0LI0LC_1RG1LD_1LC1RH_0LH0RF_0RJ0LA_1RJ---
SIB	1RB0RA_1LC1LF_1RD0LB_1RA1LE_0LI0LC_1RG1LD_1LC1RH_0LH0RF_1LJ0LA_------
SIB	1RB0RA_1LC1LF_1RD0LB_1RA1LE_0LI0LC_1RG1LD_1LC1RH_0LH0RF_1LJ0LA_---1LB
SIB	1RB0RA_1LC1LF_1RD0LB_1RA1LE_0LI0LC_1RG1LD_1LC1RH_0LH0RF_1LJ0LA_---0LC
SIB	1RB0RA_1LC1LF_1RD0LB_1RA1LE_0LI0LC_1RG1LD_1LC1RH_0LH0RF_1LJ0LA_---1LC
SIB	1RB0RA_1LC1LF_1RD0LB_1RA1LE_0LI0LC_1RG1LD_1LC1RH_0LH0RF_1LJ0LA_---0RD
SIB	1RB0RA_1LC1LF_1RD0LB_1RA1LE_0LI0LC_1RG1LD_1LC1RH_0LH0RF_1LJ0LA_---1RD
SIB	1RB0RA_1LC1LF_1RD0LB_1RA1LE_0LI0LC_1RG1LD_1LC1RH_0LH0RF_1LJ0LA_---1LG
SIB	1RB0RA_1LC1LF_1RD0LB_1RA1LE_0LI0LC_1RG1LD_1LC1RH_0LH0RF_1LJ0LA_---0LI
SIB	1RB0RA_1LC1LF_1RD0LB_1RA1LE_0LI0LC_1RG1LD_1LC1RH_0LH0RF_1LJ0LA_---1LI
SIB	1RB0RA_1LC1LF_1RD0LB_1RA1LE_0LI0LC_1RG1LD_1LC1RH_0LH0RF_1LJ0LA_---0LJ
SIB	1RB0RA_1LC1LF_1RD0LB_1RA1LE_0LI0LC_1RG1LD_1LC1RH_0LH0RF_1LJ0LA_---0RJ
SIB	1RB0RA_1LC1LF_1RD0LB_1RA1LE_0LI0LC_1RG1LD_1LC1RH_0LH0RF_1LJ0LA_---1LJ
SIB	1RB0RA_1LC1LF_1RD0LB_1RA1LE_0LI0LC_1RG1LD_1LC1RH_0LH0RF_1LJ0LA_---1RJ
SIB	1RB0RA_1LC1LF_1RD0LB_1RA1LE_0LI0LC_1RG1LD_1LC1RH_0LH0RF_1RJ0LA_------
SIB	1RB0RA_1LC1LF_1RD0LB_1RA1LE_0LI0LC_1RG1LD_1LC1RH_0LH0RF_1RJ0LA_0LJ---
SIB	1RB0RA_1LC1LF_1RD0LB_1RA1LE_0LI0LC_1RG1LD_1LC1RH_0LH0RF_1RJ0LA_0RJ---
SIB	1RB0RA_1LC1LF_1RD0LB_1RA1LE_0LI0LC_1RG1LD_1LC1RH_0LH0RF_1RJ0LA_1LJ---
SIB	1RB0RA_1LC1LF_1RD0LB_1RA1LE_0LI0LC_1RG1LD_1LC1RH_0LH0RF_1RJ0LA_1RJ---
SIB	1RB0RA_1LC1LF_1RD0LB_1RA1LE_0LI0LC_1RG1LD_1LC1RH_0LH0RF_0LJ1LC_---0LG
SIB	1RB0RA_1LC1LF_1RD0LB_1RA1LE_0LI0LC_1RG1LD_1LC1RH_0LH0RF_1LJ1LC_---1LC
SIB	1RB0RA_1LC1LF_1RD0LB_1RA1LE_0LI0LC_1RG1LD_1LC1RH_0LH0RF_1LJ1LC_---1LE
SIB	1RB0RA_1LC1LF_1RD0LB_1RA1LE_0LI0LC_1RG1LD_1LC1RH_0LH0RF_1LJ1LC_---1RF
SIB	1RB0RA_1LC1LF_1RD0LB_1RA1LE_0LI0LC_1RG1LD_1LC1RH_0LH0RF_1LJ1LC_---1LH
SIB	1RB0RA_1LC1LF_1RD0LB_1RA1LE_0LI0LC_1RG1LD_1LC1RH_0LH0RF_0LJ1LD_---0RC
SIB	1RB0RA_1LC1LF_1RD0LB_1RA1LE_0LI0LC_1RG1LD_1LC1RH_0LH0RF_0LJ0RI_0LA---
SIB	1RB0RA_1LC1LF_1RD0LB_1RA1LE_0LI0LC_1RG1LD_1LC1RH_0LH0RF_---0LJ_0LA0RA
SIB	1RB0RA_1LC1LF_1RD0LB_1RA1LE_0LI0LC_1RG1LD_1LC1RH_0LH0RF_---0LJ_1RB0RA
SIB	1RB0RA_1LC1LF_1RD0LB_1RA1LE_0LI0LC_1RG1LD_1LC1RH_0LH0RF_---0LJ_1RC0RA
SIB	1RB0RA_1LC1LF_1RD0LB_1RA1LE_0LI0LC_1RG1LD_1LC1RH_0LH0RF_---0LJ_1RG0RA
SIB	1RB0RA_1LC1LF_1RD0LB_1RA1LE_0LI0LC_1RG1LD_1LC1RH_0LH0RF_---0LJ_1RJ0RA
SIB	1RB0RA_1LC1LF_1RD0LB_1RA1LE_0LI0LC_1RG1LD_1LC1RH_0LH0RF_---0LJ_0RB0LB
SIB	1RB0RA_1LC1LF_1RD0LB_1RA1LE_0LI0LC_1RG1LD_1LC1RH_0LH0RF_---0LJ_0RG0LB
SIB	1RB0RA_1LC1LF_1RD0LB_1RA1LE_0LI0LC_1RG1LD_1LC1RH_0LH0RF_---0LJ_0LB1RB
SIB	1RB0RA_1LC1LF_1RD0LB_1RA1LE_0LI0LC_1RG1LD_1LC1RH_0LH0RF_---0LJ_0LA0RF
SIB	1RB0RA_1LC1LF_1RD0LB_1RA1LE_0LI0LC_1RG1LD_1LC1RH_0LH0RF_---0LJ_1RB0RF
SIB	1RB0RA_1LC1LF_1RD0LB_1RA1LE_0LI0LC_1RG1LD_1LC1RH_0LH0RF_---0LJ_1RC0RF
SIB	1RB0RA_1LC1LF_1RD0LB_1RA1LE_0LI0LC_1RG1LD_1LC1RH_0LH0RF_---0LJ_1RG0RF
SIB	1RB0RA_1LC1LF_1RD0LB_1RA1LE_0LI0LC_1RG1LD_1LC1RH_0LH0RF_---0LJ_0RJ0RF
SIB	1RB0RA_1LC1LF_1RD0LB_1RA1LE_0LI0LC_1RG1LD_1LC1RH_0LH0RF_---0LJ_0LB0LG
SIB	1RB0RA_1LC1LF_1RD0LB_1RA1LE_0LI0LC_1RG1LD_1LC1RH_0LH0RF_---0LJ_0RB0LG
SIB	1RB0RA_1LC1LF_1RD0LB_1RA1LE_0LI0LC_1RG1LD_1LC1RH_0LH0RF_---0LJ_0RG0LG
SIB	1RB0RA_1LC1LF_1RD0LB_1RA1LE_0LI0LC_1RG1LD_1LC1RH_0LH0RF_---0LJ_0LB1RG
SIB	1RB0RA_1LC1LF_1RD0LB_1RA1LE_0LI0LC_1RG1LD_1LC1RH_0LH0RF_---0LJ_0LA1RH
SIB	1RB0RA_1LC1LF_1RD0LB_1RA1LE_0LI0LC_1RG1LD_1LC1RH_0LH0RF_---0LJ_1RB1RH
SIB	1RB0RA_1LC1LF_1RD0LB_1RA1LE_0LI0LC_1RG1LD_1LC1RH_0LH0RF_---0LJ_1RC1RH
SIB	1RB0RA_1LC1LF_1RD0LB_1RA1LE_0LI0LC_1RG1LD_1LC1RH_0LH0RF_---0LJ_1RG1RH
SIB	1RB0RA_1LC1LF_1RD0LB_1RA1LE_0LI0LC_1RG1LD_1LC1RH_0LH0RF_---0LJ_1RB0RJ
SIB	1RB0RA_1LC1LF_1RD0LB_1RA1LE_0LI0LC_1RG1LD_1LC1RH_0LH0RF_---0LJ_1RG0RJ
SIB	1RB0RA_1LC1LF_1RD0LB_1RA1LE_0LI0LC_1RG1LD_1LC1RH_0LH0RF_---0LJ_0LA1LJ
SIB	1RB0RA_1LC1LF_1RD0LB_1RA1LE_0LI0LC_1RG1LD_1LC1RH_0LH0RF_---0LJ_0LA1RJ
SIB	1RB0RA_1LC1LF_1RD0LB_1RA1LE_0LI0LC_1RG1LD_1LC1RH_0LH0RF_---0LJ_0LF1RJ
SIB	1RB0RA_1LC1LF_1RD0LB_1RA1LE_0LI0LC_1RG1LD_1LC1RH_0LH0RF_---0RJ_0LJ1LD
SIB	1RB0RA_1LC1LF_1RD0LB_1RA1LE_0LI0LC_1RG1LD_1LC1RH_0LH0RF_---1LJ_1RE0LB
SIB	1RB0RA_1LC1LF_1RD0LB_1RA1LE_0LI0LC_1RG1LD_1LC1RH_0LH0RF_---1LJ_0LC1RE
SIB	1RB0RA_1LC1LF_1RD0LB_1RA1LE_0LI0LC_1RG1LD_1LC1RH_0LH0RF_---1LJ_1RD1RE
SIB	1RB0RA_1LC1LF_1RD0LB_1RA1LE_0LI0LC_1RG1LD_1LC1RH_0LH0RF_---1LJ_1LE1RE
SIB	1RB0RA_1LC1LF_1RD0LB_1RA1LE_0LI0LC_1RG1LD_1LC1RH_0LH0RF_---1LJ_1RF1RE
SIB	1RB0RA_1LC1LF_1RD0LB_1RA1LE_0LI0LC_1RG1LD_1LC1RH_0LH0RF_---1LJ_1LJ1RE
SIB	1RB0RA_1LC1LF_1RD0LB_1RA1LE_0LI0LC_1RG1LD_1LC1RH_0LH0RF_---1LJ_0LA0LG
SIB	1RB0RA_1LC1LF_1RD0LB_1RA1LE_0LI0LC_1RG1LD_1LC1RH_0LH0RF_---1LJ_0LC0LJ
SIB	1RB0RA_1LC1LF_1RD0LB_1RA1LE_0LI0LC_1RG1LD_1LC1RH_0LH0RF_---1RJ_0LJ0LA
SIB	1RB0RA_1LC1LF_1RD0LB_1RA1LE_0RI0LC_1RG1LD_1LC1RH_0LH0RF_1LJ0LE_1LI---
SIB	1RB0RA_1LC1LF_1RD0LB_1RA1LE_0RI0LC_1RG1LD_1LC1RH_0LH0RF_0LJ0LI_---1LG
SIB	1RB0RA_1LC1LF_1RD0LB_1RA1LE_0RI0LC_1RG1LD_1LC1RH_0LH0RF_0LJ1LI_---0LA
SIB	1RB0RA_1LC1LF_1RD0LB_1RA1LE_0RI0LC_1RG1LD_1LC1RH_0LH0RF_---1LJ_1LI0LF
SIB	1RB0RA_1LC1LF_1RD0LB_1RA1LE_1LI0LC_1RG1LD_1LC1RH_0LH0RF_1LJ0LB_0LA---
SIB	1RB0RA_1LC1LF_1RD0LB_1RA1LE_1LI0LC_1RG1LD_1LC1RH_0LH0RF_1LJ0LB_1LA---
SIB	1RB0RA_1LC1LF_1RD0LB_1RA1LE_1LI0LC_1RG1LD_1LC1RH_0LH0RF_1LJ0LB_0LF---
SIB	1RB0RA_1LC1LF_1RD0LB_1RA1LE_1LI0LC_1RG1LD_1LC1RH_0LH0RF_0LJ0RC_---0RF
SIB	1RB0RA_1LC1LF_1RD0LB_1RA1LE_1LI0LC_1RG1LD_1LC1RH_0LH0RF_0LJ0RC_---1RF
SIB	1RB0RA_1LC1LF_1RD0LB_1RA1LE_1LI0LC_1RG1LD_1LC1RH_0LH0RF_0LJ0RC_---1RH
SIB	1RB0RA_1LC1LF_1RD0LB_1RA1LE_1LI0LC_1RG1LD_1LC1RH_0LH0RF_1LJ0RC_---1LA
SIB	1RB0RA_1LC1LF_1RD0LB_1RA1LE_1LI0LC_1RG1LD_1LC1RH_0LH0RF_---0RJ_0LA0LJ
SIB	1RB0RA_1LC1LF_1RD0LB_1RA1LE_1LI0LC_1RG1LD_1LC1RH_0LH0RF_---1LJ_1LA1RA
SIB	1RB0RA_1LC1LF_1RD0LB_1RA1LE_1LI0LC_1RG1LD_1LC1RH_0LH0RF_---1LJ_1RB1RA
SIB	1RB0RA_1LC1LF_1RD0LB_1RA1LE_1LI0LC_1RG1LD_1LC1RH_0LH0RF_---1LJ_1LD1RA
SIB	1RB0RA_1LC1LF_1RD0LB_1RA1LE_1LI0LC_1RG1LD_1LC1RH_0LH0RF_---1LJ_0LJ1RA
SIB	1RB0RA_1LC1LF_1RD0LB_1RA1LE_1LI0LC_1RG1LD_1LC1RH_0LH0RF_---1LJ_0RB0RC
SIB	1RB0RA_1LC1LF_1RD0LB_1RA1LE_1LI0LC_1RG1LD_1LC1RH_0LH0RF_---1LJ_1RG0RC
SIB	1RB0RA_1LC1LF_1RD0LB_1RA1LE_1LI0LC_1RG1LD_1LC1RH_0LH0RF_---1LJ_1RJ0RC
SIB	1RB0RA_1LC1LF_1RD0LB_1RA1LE_1LI0LC_1RG1LD_1LC1RH_0LH0RF_---1LJ_1LA0RF
SIB	1RB0RA_1LC1LF_1RD0LB_1RA1LE_1LI0LC_1RG1LD_1LC1RH_0LH0RF_---1LJ_1RB0RF
SIB	1RB0RA_1LC1LF_1RD0LB_1RA1LE_1LI0LC_1RG1LD_1LC1RH_0LH0RF_---1LJ_1LD0RF
SIB	1RB0RA_1LC1LF_1RD0LB_1RA1LE_1LI0LC_1RG1LD_1LC1RH_0LH0RF_---1LJ_1LA0RI
H	1RB0RA_1LC1LF_1RD0LB_1RA1LE_0LI0LC_1RG1LD_1LC0RH_1RG1LH_---0LJ_0RJ0RF
H	1RB0RA_1LC1LF_1RD0LB_1RA1LE_1LI0LC_1RG1LD_1LC0RH_1RG1LH_---0LJ_1LD1LC
H	1RB0RA_1LC1LF_1RD0LB_1RA1LE_1LI0LC_1RG1LD_1LC0RH_1RG1LH_---1LJ_1RB1RA
H	1RB0RA_1LC1LF_1RD0LB_1RA1LE_1LI0LC_1RG1LD_1LC0RH_1RG1LH_---1LJ_1LD1RA
H	1RB0RA_1LC1LF_1RD0LB_1RA1LE_1LI0LC_1RG1LD_1LC0RH_1RG1LH_---1LJ_0LJ1RA
H	1RB0RA_1LC1LF_1RD0LB_1RA1LE_1LI0LC_1RG1LD_1LC0RH_1RG1LH_---1LJ_1LH0RC
H	1RB0RA_1LC1LF_1RD0LB_1RA1LE_1LI0LC_1RG1LD_1LC0RH_1RG1LH_---1LJ_1RH0RC
H	1RB0RA_1LC1LF_1RD0LB_1RA1LE_1LI0LC_1RG1LD_1LC0RH_1RG1LH_---1LJ_1RB0RF
H	1RB0RA_1LC1LF_1RD0LB_1RA1LE_1LI0LC_1RG1LD_1LC0RH_1RG1LH_---1LJ_1LD0RF
